{"displayFieldName":"f_code","fieldAliases":{"nam":"nam","zv3":"zv3"},"geometryType":"esriGeometryPoint","spatialReference":{"wkid":102100,"latestWkid":3857},"fields":[{"name":"nam","type":"esriFieldTypeString","alias":"nam","length":254},{"name":"zv3","type":"esriFieldTypeInteger","alias":"zv3"}],"features":[{"attributes":{"nam":"CHINLE MUNICIPAL AIRPORT","zv3":1691},"geometry":{"x":-12197880.180500001,"y":4315889.1722000018}},{"attributes":{"nam":"ELY AIRPORT /YELLAND FIELD/ AIRPORT","zv3":1908},"geometry":{"x":-12784140.6052,"y":4764691.5371999964}},{"attributes":{"nam":"TRUCKEE-TAHOE AIRPORT","zv3":1798},"geometry":{"x":-13373874.977299999,"y":4767619.0775000006}},{"attributes":{"nam":"GARFIELD COUNTY REGIONAL AIRPORT","zv3":1691},"geometry":{"x":-11992108.550799999,"y":4797343.2492000014}},{"attributes":{"nam":"SANTA FE MUNICIPAL AIRPORT","zv3":1935},"geometry":{"x":-11809820.5469,"y":4248063.2591999993}},{"attributes":{"nam":"BLACK ROCK AIRPORT","zv3":1967},"geometry":{"x":-12110645.2181,"y":4175197.1207000017}},{"attributes":{"nam":"ROCKY MOUNTAIN METROPOLITAN AIRPORT","zv3":1729},"geometry":{"x":-11701592.5097,"y":4852699.0518999994}},{"attributes":{"nam":"WINDOW ROCK AIRPORT","zv3":2055},"geometry":{"x":-12141326.205600001,"y":4252849.8306000009}},{"attributes":{"nam":"MAMMOTH YOSEMITE AIRPORT","zv3":2175},"geometry":{"x":-13229069.136500001,"y":4526452.818599999}},{"attributes":{"nam":"CENTENNIAL AIRPORT","zv3":1794},"geometry":{"x":-11671771.354,"y":4803667.2272000015}},{"attributes":{"nam":"GRANT COUNTY AIRPORT","zv3":1660},"geometry":{"x":-12039913.704300001,"y":3847160.429399997}},{"attributes":{"nam":"YELLOWSTONE AIRPORT","zv3":2027},"geometry":{"x":-12369558.991599999,"y":5572597.3909000009}},{"attributes":{"nam":"GALLUP MUNICIPAL AIRPORT","zv3":1973},"geometry":{"x":-12110370.4816,"y":4233550.6011999995}},{"attributes":{"nam":"SHOW LOW REGIONAL AIRPORT","zv3":1955},"geometry":{"x":-12245774.834899999,"y":4064504.3757999986}},{"attributes":{"nam":"VERNAL REGIONAL AIRPORT","zv3":1609},"geometry":{"x":-12190588.1972,"y":4930223.5359999985}},{"attributes":{"nam":"ERNEST A. LOVE FIELD AIRPORT","zv3":1538},"geometry":{"x":-12514493.8517,"y":4117020.0581}},{"attributes":{"nam":"SAN LUIS VALLEY REGIONAL/BERGMAN FIELD","zv3":2298},"geometry":{"x":-11785011.105900001,"y":4499903.2378999963}},{"attributes":{"nam":"CEDAR CITY REGIONAL AIRPORT","zv3":1714},"geometry":{"x":-12590105.9461,"y":4537268.0402000025}},{"attributes":{"nam":"CORTEZ MUNICIPAL AIRPORT","zv3":1804},"geometry":{"x":-12092419.879799999,"y":4481425.6547999978}},{"attributes":{"nam":"LARAMIE REGIONAL AIRPORT","zv3":2220},"geometry":{"x":-11763687.1896,"y":5058479.3866000026}},{"attributes":{"nam":"TELLURIDE REGIONAL AIRPORT","zv3":2765},"geometry":{"x":-12012317.0459,"y":4572895.5681999996}},{"attributes":{"nam":"CHEYENNE REGIONAL/JERRY OLSON FIELD AIRPORT","zv3":1877},"geometry":{"x":-11667448.3729,"y":5035325.5561999977}},{"attributes":{"nam":"RIVERTON REGIONAL AIRPORT","zv3":1685},"geometry":{"x":-12073694.271600001,"y":5321754.1853}},{"attributes":{"nam":"FOUR CORNERS REGIONAL AIRPORT","zv3":1678},"geometry":{"x":-12048102.2546,"y":4403101.4816000015}},{"attributes":{"nam":"ELKO REGIONAL AIRPORT","zv3":1567},"geometry":{"x":-12889872.4142,"y":4986551.1603000015}},{"attributes":{"nam":"ROCK SPRINGS-SWEETWATER COUNTY AIRPORT","zv3":2062},"geometry":{"x":-12141081.859299999,"y":5100388.3460000008}},{"attributes":{"nam":"YELLOWSTONE REGIONAL AIRPORT","zv3":1555},"geometry":{"x":-12136474.568300001,"y":5546299.4980000034}},{"attributes":{"nam":"BERT MOONEY AIRPORT","zv3":1692},"geometry":{"x":-12523161.298599999,"y":5773109.8056000024}},{"attributes":{"nam":"FORT COLLINS-LOVELAND MUNICIPAL AIRPORT","zv3":1529},"geometry":{"x":-11689808.451000001,"y":4931819.4283000007}},{"attributes":{"nam":"GUNNISON-CRESTED BUTTE REGIONAL AIRPORT","zv3":2341},"geometry":{"x":-11903730.2259,"y":4655131.2263000011}},{"attributes":{"nam":"FLAGSTAFF PULLIAM AIRPORT","zv3":2138},"geometry":{"x":-12430964.0472,"y":4182964.5535999984}},{"attributes":{"nam":"FRIEDMAN MEMORIAL AIRPORT","zv3":1621},"geometry":{"x":-12723322.7599,"y":5388969.2348000035}},{"attributes":{"nam":"CASPER/NATRONA COUNTY INTERNATIONAL AIRPORT","zv3":1631},"geometry":{"x":-11851564.688099999,"y":5297978.9763000011}},{"attributes":{"nam":"MONTROSE REGIONAL AIRPORT","zv3":1755},"geometry":{"x":-12010732.190299999,"y":4651695.3308999985}},{"attributes":{"nam":"DURANGO-LA PLATA COUNTY AIRPORT","zv3":2038},"geometry":{"x":-11995094.6961,"y":4460247.3986999989}},{"attributes":{"nam":"YAMPA VALLEY AIRPORT","zv3":2014},"geometry":{"x":-11935416.0945,"y":4936112.5091999993}},{"attributes":{"nam":"EAGLE COUNTY REGIONAL AIRPORT","zv3":1996},"geometry":{"x":-11901827.4419,"y":4814164.2744000033}},{"attributes":{"nam":"ASPEN-PITKIN COUNTY/SARDY FIELD","zv3":2384},"geometry":{"x":-11896587.188200001,"y":4753688.9311000034}},{"attributes":{"nam":"GRAND CANYON NATIONAL PARK AIRPORT","zv3":2014},"geometry":{"x":-12484143.817,"y":4294068.2973999977}},{"attributes":{"nam":"JACKSON HOLE AIRPORT","zv3":1966},"geometry":{"x":-12327269.941599999,"y":5404875.7867999971}},{"attributes":{"nam":"CITY OF COLORADO SPRINGS MUNICIPAL AIRPORT","zv3":1886},"geometry":{"x":-11655237.2926,"y":4693892.9985999987}},{"attributes":{"nam":"ALBUQUERQUE INTERNATIONAL SUNPORT AIRPORT","zv3":1632},"geometry":{"x":-11867681.1899,"y":4169344.6906000003}},{"attributes":{"nam":"DENVER INTERNATIONAL AIRPORT","zv3":1655},"geometry":{"x":-11652164.7634,"y":4845858.8250999972}},{"attributes":{"nam":"BUCKLEY AIR FORCE BASE","zv3":1706},"geometry":{"x":-11660936.538800001,"y":4823584.5995000005}},{"attributes":{"nam":"CHAMBERLAIN US FOREST SERVICE AIRPORT","zv3":1757},"geometry":{"x":-12823646.8906,"y":5681398.2929000035}},{"attributes":{"nam":"CROWNPOINT AIRPORT","zv3":2041},"geometry":{"x":-12044946.569699999,"y":4261840.9094000012}},{"attributes":{"nam":"WHISKEY CREEK AIRPORT","zv3":1867},"geometry":{"x":-12045701.7611,"y":3863758.5332999974}},{"attributes":{"nam":"FRANCIS E WARREN AIR FORCE BASE","zv3":1884},"geometry":{"x":-11673793.2609,"y":5031984.4981999993}},{"attributes":{"nam":"ANIMAS AIR PARK","zv3":2026},"geometry":{"x":-12007943.751800001,"y":4467465.2030000016}},{"attributes":{"nam":"LAKE TAHOE AIRPORT","zv3":1911},"geometry":{"x":-13357819.9727,"y":4706482.5658999979}}]}